name,link,rating,ico_profile,team,vision,product,date
pocketinns,https://icobench.com/ico/pocketinns/,4.0,5.0,4.0,3.9,3.7,2018-01-15 - 2018-01-31
wepower,https://icobench.com/ico/wepower/,4.3,5.0,4.3,4.3,4.0,2018-02-01 - 2018-02-14
gilgamesh-platform,https://icobench.com/ico/gilgamesh-platform/,4.2,4.9,3.7,4.1,4.2,2018-01-15 - 2018-03-26
paypro,https://icobench.com/ico/paypro/,4.2,4.9,4.4,4.0,3.7,2018-01-15 - 2018-01-30
genieico,https://icobench.com/ico/genieico/,4.0,4.8,3.9,3.7,3.7,2017-11-13 - 2018-02-28
remme,https://icobench.com/ico/remme/,4.3,4.5,4.3,4.5,4.1,2018-02-13 - 2018-03-13
coinloan,https://icobench.com/ico/coinloan/,4.0,4.4,3.5,4.3,3.7,2017-11-26 - 2018-02-14
fire-lotto,https://icobench.com/ico/fire-lotto/,4.2,4.4,4.1,4.4,4.0,2018-01-15 - 2018-02-15
bubbletone,https://icobench.com/ico/bubbletone/,4.2,4.3,4.8,4.5,3.3,2018-03-20 - 2018-05-20
sp8de,https://icobench.com/ico/sp8de/,4.4,4.3,3.9,5.0,4.7,2018-01-08 - 2018-03-11
medicalchain,https://icobench.com/ico/medicalchain/,4.4,4.1,4.6,4.6,4.1,
nper,https://icobench.com/ico/nper/,3.6,4.1,3.7,3.8,3.0,2018-01-19 - 2018-01-31
datawallet,https://icobench.com/ico/datawallet/,3.8,3.9,4.0,3.5,3.5,2018-02-05 - 2018-03-07
let-bet,https://icobench.com/ico/let-bet/,3.3,3.8,3.0,2.8,2.4,2018-01-20 - 2018-02-14
fluzfluz,https://icobench.com/ico/fluzfluz/,3.9,5.0,3.9,3.6,3.7,2018-01-18 - 2018-02-22
gizer,https://icobench.com/ico/gizer/,4.0,5.0,3.8,3.8,3.7,
modultrade,https://icobench.com/ico/modultrade/,4.4,5.0,4.5,4.2,4.0,2017-11-28 - 2018-01-27
napoleon-x,https://icobench.com/ico/napoleon-x/,3.9,5.0,4.2,3.8,3.2,2018-01-22 - 2018-02-28
savedroid,https://icobench.com/ico/savedroid/,4.1,5.0,4.5,3.3,2.7,2018-01-12 - 2018-03-09
scorum,https://icobench.com/ico/scorum/,4.0,5.0,4.1,4.0,3.6,2018-01-14 - 2018-02-11
tv-two,https://icobench.com/ico/tv-two/,3.6,5.0,4.1,3.1,2.7,2018-02-24 - 2018-03-24
dogezer,https://icobench.com/ico/dogezer/,3.7,4.9,3.2,3.6,3.6,2018-01-15 - 2018-02-15
etheal,https://icobench.com/ico/etheal/,4.0,4.9,3.6,4.0,3.9,
meetngreetme,https://icobench.com/ico/meetngreetme/,4.1,4.9,4.4,3.7,3.5,
money-rebel,https://icobench.com/ico/money-rebel/,3.7,4.9,3.9,3.0,3.0,
opporty,https://icobench.com/ico/opporty/,4.0,4.9,4.2,3.7,3.2,2017-12-27 - 2018-01-25
origintrail,https://icobench.com/ico/origintrail/,3.7,4.9,3.9,3.6,2.8,
sapien,https://icobench.com/ico/sapien/,4.6,4.9,4.4,4.7,4.6,2018-01-31 - 2018-02-15
shping,https://icobench.com/ico/shping/,4.9,4.9,0,0,0,2018-01-22 - 2018-01-31
travelchain,https://icobench.com/ico/travelchain/,3.5,4.9,3.5,3.2,2.7,2017-12-10 - 2018-02-10
viola-ai,https://icobench.com/ico/viola-ai/,4.3,4.9,4.4,3.8,3.7,2017-12-04 - 2018-01-31
vrt,https://icobench.com/ico/vrt/,4.2,4.9,3.9,4.4,3.7,2018-02-27 - 2018-03-27
winding-tree,https://icobench.com/ico/winding-tree/,3.6,4.9,3.5,3.4,2.8,2018-02-01 - 2018-02-15
x8-project,https://icobench.com/ico/x8-project/,3.6,4.9,3.9,3.0,2.9,2018-01-04 - 2018-01-22
benebit,https://icobench.com/ico/benebit/,4.1,4.8,4.5,3.9,3.5,
bitrewards,https://icobench.com/ico/bitrewards/,4.5,4.8,4.2,4.7,4.2,2018-01-12 - 2018-03-31
blocklancer,https://icobench.com/ico/blocklancer/,4.2,4.8,4.3,4.1,3.8,2018-01-16 - 2018-02-16
cargox,https://icobench.com/ico/cargox/,4.4,4.8,4.0,4.1,3.8,2017-12-20 - 2018-02-01
caviar,https://icobench.com/ico/caviar/,3.8,4.8,3.7,3.4,3.2,
coinlion,https://icobench.com/ico/coinlion/,3.5,4.8,3.8,2.9,2.7,2017-12-18 - 2018-02-25
daneel,https://icobench.com/ico/daneel/,4.2,4.8,3.5,4.5,2.1,2018-01-29 - 2018-03-05
darico,https://icobench.com/ico/darico/,2.5,4.8,2.1,2.0,1.6,2018-01-15 - 2018-07-15
fintrux,https://icobench.com/ico/fintrux/,3.5,4.8,3.3,2.7,3.1,2018-01-07 - 2018-01-21
game-machine,https://icobench.com/ico/game-machine/,4.0,4.8,3.6,3.8,3.4,2017-12-14 - 2018-01-31
iqeon,https://icobench.com/ico/iqeon/,4.1,4.8,4.3,3.2,4.0,2018-01-30 - 2018-03-13
iungo,https://icobench.com/ico/iungo/,3.5,4.8,3.5,3.2,3.3,2017-12-07 - 2018-01-31
lala-world,https://icobench.com/ico/lala-world/,3.7,4.8,3.3,3.4,3.2,
luxcess-group,https://icobench.com/ico/luxcess-group/,3.9,4.8,4.2,3.5,3.3,2018-03-01 - 2018-04-22
lympo,https://icobench.com/ico/lympo/,4.2,4.8,4.9,4.0,3.5,2018-01-23 - 2018-02-03
mango-startups,https://icobench.com/ico/mango-startups/,3.6,4.8,3.4,3.2,2.7,2018-03-01 - 2018-03-20
mira,https://icobench.com/ico/mira/,3.7,4.8,3.5,3.2,2.8,2018-02-01 - 2018-02-28
mobius-network,https://icobench.com/ico/mobius-network/,4.0,4.8,2.7,4.5,3.0,
moxyone,https://icobench.com/ico/moxyone/,4.0,4.8,4.0,3.2,3.6,2018-02-08 - 2018-03-10
neuromation,https://icobench.com/ico/neuromation/,3.8,4.8,3.9,3.5,3.1,2018-01-07 - 2018-02-15
onplace,https://icobench.com/ico/onplace/,4.2,4.8,3.7,4.1,3.8,2018-02-01 - 2018-02-14
open-source-university,https://icobench.com/ico/open-source-university/,3.7,4.8,4.1,3.1,3.0,2018-06-04 - 2018-07-01
play2live,https://icobench.com/ico/play2live/,4.4,4.8,4.7,4.4,3.5,2018-02-12 - 2018-03-05
quantum1net,https://icobench.com/ico/quantum1net/,4.1,4.8,3.5,3.5,2.1,2018-02-02 - 2018-03-09
skara,https://icobench.com/ico/skara/,4.2,4.8,4.5,3.8,3.5,2017-11-27 - 2018-01-21
socialmedia-market,https://icobench.com/ico/socialmedia-market/,4.0,4.8,3.3,3.9,3.4,
thrive,https://icobench.com/ico/thrive/,4.0,4.8,3.7,3.4,3.2,2018-02-15 - 2018-03-05
tokenstars-team,https://icobench.com/ico/tokenstars-team/,3.9,4.8,4.3,3.5,3.4,2017-12-20 - 2018-02-28
well,https://icobench.com/ico/well/,3.9,4.8,3.8,3.7,2.8,2018-02-25 - 2018-03-15
ab-chain,https://icobench.com/ico/ab-chain/,3.5,4.6,3.7,3.2,3.0,2018-02-19 - 2018-03-31
bcdiploma,https://icobench.com/ico/bcdiploma/,3.9,4.6,3.8,3.8,3.3,2018-01-18 - 2018-02-16
bitrent,https://icobench.com/ico/bitrent/,3.7,4.6,3.0,4.1,2.8,2017-12-01 - 2018-03-01
blockex,https://icobench.com/ico/blockex/,4.2,4.6,4.5,4.0,3.9,2018-01-13 - 2018-01-31
connectjob,https://icobench.com/ico/connectjob/,4.1,4.6,4.3,4.4,2.9,2017-12-01 - 2018-02-11
cryptopus,https://icobench.com/ico/cryptopus/,4.1,4.6,3.8,4.3,3.5,2017-12-03 - 2018-01-31
decentralized-id,https://icobench.com/ico/decentralized-id/,4.2,4.6,4.2,3.9,3.7,2018-01-04 - 2018-02-14
dether,https://icobench.com/ico/dether/,4.2,4.6,4.3,4.0,3.8,
ebcoin,https://icobench.com/ico/ebcoin/,4.1,4.6,4.2,3.8,3.2,2018-01-16 - 2018-02-13
fundfantasy,https://icobench.com/ico/fundfantasy/,3.8,4.6,3.6,3.4,3.3,2018-01-25 - 2018-02-25
gimmer,https://icobench.com/ico/gimmer/,3.8,4.6,3.6,3.2,3.0,2018-01-17 - 2018-01-31
graft,https://icobench.com/ico/graft/,3.6,4.6,3.4,3.0,3.3,2018-01-18 - 2018-02-18
hirematch,https://icobench.com/ico/hirematch/,4.1,4.6,3.9,3.5,3.5,2017-10-01 - 2018-02-15
hoqu,https://icobench.com/ico/hoqu/,4.2,4.6,4.0,4.3,3.9,2017-11-27 - 2018-02-26
kickcity,https://icobench.com/ico/kickcity/,3.8,4.6,3.5,3.5,3.2,2018-02-01 - 2018-04-01
kyc-legal,https://icobench.com/ico/kyc-legal/,4.4,4.6,4.6,4.3,4.1,2017-11-29 - 2018-03-01
lucyd,https://icobench.com/ico/lucyd/,4.2,4.6,4.0,3.5,3.5,2017-10-31 - 2018-02-28
mark-space,https://icobench.com/ico/mark-space/,4.0,4.6,4.2,3.8,3.8,2018-01-23 - 2018-02-28
node,https://icobench.com/ico/node/,4.3,4.6,4.3,4.3,3.6,2018-01-15 - 2018-02-15
picky,https://icobench.com/ico/picky/,3.2,4.6,1.7,2.4,2.0,2018-01-14 - 2018-02-14
raison,https://icobench.com/ico/raison/,3.5,4.6,3.8,2.8,2.2,2018-02-01 - 2018-02-28
repux,https://icobench.com/ico/repux/,3.6,4.6,3.6,3.0,2.8,2017-11-17 - 2018-01-23
scrinium,https://icobench.com/ico/scrinium/,3.2,4.6,3.1,2.8,2.5,2018-02-11 - 2018-03-11
signals,https://icobench.com/ico/signals/,3.8,4.6,3.9,3.4,3.3,2018-02-26 - 2018-03-26
taylor,https://icobench.com/ico/taylor/,3.9,4.6,3.0,1.0,1.0,2018-02-19 - 2018-03-20
transcodium,https://icobench.com/ico/transcodium/,4.0,4.6,3.6,3.9,3.6,2018-01-07 - 2018-02-28
triforce-tokens,https://icobench.com/ico/triforce-tokens/,4.0,4.6,3.7,3.8,3.8,2018-02-20 - 2018-03-06
unilot,https://icobench.com/ico/unilot/,4.1,4.6,3.7,4.0,3.5,2018-01-10 - 2018-02-17
uservice,https://icobench.com/ico/uservice/,3.5,4.6,3.9,2.8,2.6,2017-12-18 - 2018-02-01
vestarin,https://icobench.com/ico/vestarin/,4.7,4.6,5.0,5.0,5.0,2018-01-30 - 2018-02-28
adbank,https://icobench.com/ico/adbank/,3.5,4.5,3.0,3.4,2.8,2017-12-15 - 2018-01-21
adhive,https://icobench.com/ico/adhive/,4.6,4.5,5.0,4.6,4.3,2018-01-31 - 2018-02-06
aidcoin,https://icobench.com/ico/aidcoin/,3.4,4.5,3.4,3.3,2.8,2018-01-16 - 2018-02-01
atfs-project,https://icobench.com/ico/atfs-project/,3.9,4.5,3.8,4.2,3.4,2018-01-10 - 2018-02-09
bankera,https://icobench.com/ico/bankera/,3.5,4.5,3.1,3.3,3.1,2017-11-27 - 2018-02-27
carvertical,https://icobench.com/ico/carvertical/,4.1,4.5,4.0,4.3,3.7,2017-12-26 - 2018-04-04
clearcoin,https://icobench.com/ico/clearcoin/,3.1,4.5,3.1,2.8,2.2,2017-11-18 - 2018-03-31
coinpoker,https://icobench.com/ico/coinpoker/,3.5,4.5,2.7,3.1,3.0,2018-01-19 - 2018-01-26
coinvest,https://icobench.com/ico/coinvest/,4.3,4.5,4.6,4.1,4.0,2018-02-16 - 2018-03-16
crowdwiz,https://icobench.com/ico/crowdwiz/,3.6,4.5,3.7,3.6,2.9,2017-11-20 - 2018-01-31
debitum-network,https://icobench.com/ico/debitum-network/,3.3,4.5,2.9,3.3,2.5,2018-01-25 - 2018-02-25
decentralized-news-network,https://icobench.com/ico/decentralized-news-network/,4.5,4.5,0,0,0,2018-02-02 - 2018-03-09
earth-token,https://icobench.com/ico/earth-token/,4.0,4.5,3.3,4.1,3.3,
elementh,https://icobench.com/ico/elementh/,4.1,4.5,3.4,3.0,4.0,2018-01-15 - 2018-02-14
gameflip,https://icobench.com/ico/gameflip/,3.5,4.5,3.4,3.0,3.0,2017-12-04 - 2018-01-29
hurify,https://icobench.com/ico/hurify/,4.0,4.5,3.7,4.0,3.2,2018-02-01 - 2018-02-28
jury-online,https://icobench.com/ico/jury-online/,3.9,4.5,3.5,3.8,3.4,2018-02-12 - 2018-03-14
live-stars,https://icobench.com/ico/live-stars/,3.5,4.5,2.3,3.9,3.0,2018-01-15 - 2018-02-15
livetree-adept,https://icobench.com/ico/livetree-adept/,4.3,4.5,3.0,5.0,4.0,2018-01-31 - 2018-02-23
mavin,https://icobench.com/ico/mavin/,3.7,4.5,3.6,3.6,3.0,
modex,https://icobench.com/ico/modex/,4.1,4.5,4.1,3.7,3.7,
networkunits,https://icobench.com/ico/networkunits/,4.1,4.5,4.1,4.5,3.1,2017-12-23 - 2018-01-21
ntok,https://icobench.com/ico/ntok/,2.9,4.5,2.5,2.2,2.1,2018-01-15 - 2018-02-15
obizcoin,https://icobench.com/ico/obizcoin/,4.2,4.5,3.7,4.6,3.7,2017-12-14 - 2018-01-24
publiq,https://icobench.com/ico/publiq/,4.4,4.5,4.7,4.7,3.7,2017-11-15 - 2018-02-15
rocket-ico,https://icobench.com/ico/rocket-ico/,3.7,4.5,4.0,3.1,3.2,2017-11-01 - 2018-02-15
rootproject,https://icobench.com/ico/rootproject/,4.0,4.5,4.1,4.3,3.1,
sharpay,https://icobench.com/ico/sharpay/,4.7,4.5,4.9,4.9,4.8,2017-12-11 - 2018-02-11
stopthefakes,https://icobench.com/ico/stopthefakes/,4.1,4.5,3.9,3.8,3.9,2018-01-21 - 2018-02-21
syncfab,https://icobench.com/ico/syncfab/,4.4,4.5,5.0,4.4,3.0,2017-11-15 - 2018-02-15
the-abyss,https://icobench.com/ico/the-abyss/,4.4,4.5,4.0,4.0,4.0,2018-02-07 - 2018-03-01
the-bee-token,https://icobench.com/ico/the-bee-token/,4.0,4.5,4.5,3.8,3.4,2018-01-02 - 2018-01-31
theta-network,https://icobench.com/ico/theta-network/,3.2,4.5,2.3,3.0,2.2,2018-01-08 - 2018-02-08
theworldnews,https://icobench.com/ico/theworldnews/,4.1,4.5,3.0,4.0,1.0,2018-01-17 - 2018-01-31
titanium-blockchain-infrastructure-services,https://icobench.com/ico/titanium-blockchain-infrastructure-services/,4.3,4.5,4.3,4.3,3.9,2017-01-01 - 2018-03-01
tontinetrust,https://icobench.com/ico/tontinetrust/,4.3,4.5,4.6,4.2,3.7,
vinchain,https://icobench.com/ico/vinchain/,3.9,4.5,3.8,3.6,3.3,2018-03-22 - 2018-04-15
yourblock,https://icobench.com/ico/yourblock/,4.3,4.5,4.0,4.1,4.1,2017-12-18 - 2018-02-12
amon,https://icobench.com/ico/amon/,4.0,4.4,4.3,3.3,3.8,2018-03-01 - 2018-03-02
arcona,https://icobench.com/ico/arcona/,4.1,4.4,4.2,4.4,3.3,2017-12-25 - 2018-01-25
babb,https://icobench.com/ico/babb/,4.2,4.4,3.9,4.3,3.9,2018-01-15 - 2018-02-15
bazista,https://icobench.com/ico/bazista/,4.1,4.4,3.6,4.4,3.8,2018-01-08 - 2018-03-02
budbo,https://icobench.com/ico/budbo/,4.1,4.4,4.3,3.5,3.9,2018-01-15 - 2018-02-15
cashbag,https://icobench.com/ico/cashbag/,4.0,4.4,3.0,3.0,3.0,2017-12-15 - 2018-01-22
cedex,https://icobench.com/ico/cedex/,3.7,4.4,4.1,3.6,2.5,
cibus,https://icobench.com/ico/cibus/,3.5,4.4,3.0,3.1,2.1,2018-02-28 - 2018-03-28
colu-local-network,https://icobench.com/ico/colu-local-network/,3.8,4.4,4.0,1.0,1.0,2018-02-14 - 2018-02-21
creditcoin,https://icobench.com/ico/creditcoin/,4.2,4.4,3.0,4.0,3.0,2018-02-14 - 2018-03-01
crypto-bnb,https://icobench.com/ico/crypto-bnb/,2.9,4.4,2.0,2.6,1.4,2018-02-14 - 2018-04-14
dadi,https://icobench.com/ico/dadi/,3.9,4.4,3.4,3.7,3.8,2018-01-22 - 2018-01-29
districts,https://icobench.com/ico/districts/,3.8,4.4,3.7,3.3,3.7,2017-11-01 - 2018-01-31
elcoin,https://icobench.com/ico/elcoin/,3.4,4.4,3.4,3.0,2.3,2018-01-08 - 2018-02-05
experty,https://icobench.com/ico/experty/,3.6,4.4,3.9,3.3,3.0,2018-01-25 - 2018-02-25
fit-token,https://icobench.com/ico/fit-token/,4.2,4.4,3.0,5.0,3.0,2018-01-20 - 2018-03-15
forty-seven-bank,https://icobench.com/ico/forty-seven-bank/,3.6,4.4,3.7,3.3,3.0,2017-12-16 - 2018-03-31
globitex,https://icobench.com/ico/globitex/,4.0,4.4,4.4,3.5,3.8,2018-02-10 - 2018-03-12
honor-jubs,https://icobench.com/ico/honor-jubs/,4.2,4.4,3.4,4.1,4.0,2018-01-15 - 2018-02-17
hydrocoin,https://icobench.com/ico/hydrocoin/,4.2,4.4,4.0,4.4,3.7,2018-01-01 - 2018-03-31
izetex,https://icobench.com/ico/izetex/,4.2,4.4,4.2,4.3,3.5,2018-03-01 - 2018-03-31
kript,https://icobench.com/ico/kript/,3.6,4.4,2.7,3.0,2.5,2018-03-09 - 2018-04-09
mingo,https://icobench.com/ico/mingo/,4.3,4.4,4.9,3.9,3.9,
moozicore,https://icobench.com/ico/moozicore/,4.4,4.4,0,0,0,2018-01-02 - 2018-01-29
trakinvest,https://icobench.com/ico/trakinvest/,4.2,4.4,4.7,4.1,3.3,2018-01-16 - 2018-01-31
vimarket,https://icobench.com/ico/vimarket/,4.0,4.4,4.0,3.0,3.0,2018-01-07 - 2018-01-31
vlb,https://icobench.com/ico/vlb/,3.9,4.4,4.0,3.3,3.0,2018-02-05 - 2018-03-12
zenome,https://icobench.com/ico/zenome/,3.6,4.4,2.7,3.7,2.5,
a2b-taxi,https://icobench.com/ico/a2b-taxi/,3.7,4.3,3.0,1.0,1.0,2018-03-01 - 2018-03-03
acorn-collective,https://icobench.com/ico/acorn-collective/,4.3,4.3,0,0,0,2018-01-29 - 2018-02-19
advanced-browsing-token,https://icobench.com/ico/advanced-browsing-token/,3.3,4.3,3.0,3.0,2.6,
africunia,https://icobench.com/ico/africunia/,4.3,4.3,0,0,0,2017-12-01 - 2018-02-28
aida,https://icobench.com/ico/aida/,3.9,4.3,4.0,3.8,3.4,2018-01-04 - 2018-01-25
aworker,https://icobench.com/ico/aworker/,3.5,4.3,2.5,3.0,1.5,2018-01-26 - 2018-05-26
bcshop,https://icobench.com/ico/bcshop/,3.8,4.3,3.3,3.6,3.5,2018-01-16 - 2018-02-13
bitnation,https://icobench.com/ico/bitnation/,4.1,4.3,4.8,3.7,3.3,2018-02-28 - 2018-03-28
boosteroid,https://icobench.com/ico/boosteroid/,3.6,4.3,2.7,3.8,3.1,2018-01-15 - 2018-02-15
bountie,https://icobench.com/ico/bountie/,3.7,4.3,3.0,3.0,3.0,2018-02-26 - 2018-03-05
bulleon,https://icobench.com/ico/bulleon/,4.0,4.3,3.4,3.9,3.4,2018-01-01 - 2018-12-31
coinmetro,https://icobench.com/ico/coinmetro/,3.7,4.3,4.0,3.0,2.4,2018-02-21 - 2018-03-23
coinplace,https://icobench.com/ico/coinplace/,3.3,4.3,3.0,2.3,1.7,2018-02-01 - 2018-02-28
cove-identity,https://icobench.com/ico/cove-identity/,4.2,4.3,4.0,4.4,3.7,
crowdcoinage,https://icobench.com/ico/crowdcoinage/,3.9,4.3,3.0,2.0,2.0,2018-01-15 - 2018-01-21
current,https://icobench.com/ico/current/,4.4,4.3,5.0,5.0,5.0,2018-02-07 - 2018-02-21
disciplina-by-teachmeplease,https://icobench.com/ico/disciplina-by-teachmeplease/,4.1,4.3,4.0,3.0,4.0,2017-11-27 - 2018-03-20
ens-bid,https://icobench.com/ico/ens-bid/,3.7,4.3,3.0,3.7,2.7,2018-01-10 - 2018-02-28
ethearnal,https://icobench.com/ico/ethearnal/,4.3,4.3,0,0,0,2018-02-28 - 2018-04-01
exmo-coin,https://icobench.com/ico/exmo-coin/,4.3,4.3,4.8,4.0,4.0,2018-02-21 - 2018-02-23
extra-credit,https://icobench.com/ico/extra-credit/,4.3,4.3,0,0,0,2018-01-01 - 2018-02-01
fundrequest,https://icobench.com/ico/fundrequest/,4.1,4.3,3.5,3.5,4.0,
gif-by-socifi,https://icobench.com/ico/gif-by-socifi/,4.3,4.3,0,0,0,2017-12-08 - 2018-01-23
giza-device,https://icobench.com/ico/giza-device/,4.4,4.3,4.3,4.5,4.4,2018-01-08 - 2018-02-08
hero-2,https://icobench.com/ico/hero-2/,3.8,4.3,4.0,2.0,1.0,2018-01-29 - 2018-03-16
jolyy,https://icobench.com/ico/jolyy/,3.3,4.3,2.7,2.4,1.7,2018-01-25 - 2018-02-24
pareto,https://icobench.com/ico/pareto/,4.0,4.3,2.9,3.6,2.9,
playbets,https://icobench.com/ico/playbets/,4.2,4.3,4.5,4.0,4.0,2018-04-01 - 2018-04-30
pundi-x,https://icobench.com/ico/pundi-x/,3.9,4.3,3.0,4.0,3.8,
repu,https://icobench.com/ico/repu/,4.3,4.3,4.0,5.0,3.8,
retn,https://icobench.com/ico/retn/,3.9,4.3,3.7,4.0,3.3,2017-12-07 - 2018-03-31
rxeal,https://icobench.com/ico/rxeal/,4.1,4.3,4.0,3.0,3.0,2018-01-15 - 2018-02-05
skrilla,https://icobench.com/ico/skrilla/,3.7,4.3,3.0,3.0,3.0,
solve-care,https://icobench.com/ico/solve-care/,4.0,4.4,3.7,3.8,3.1,2018-02-21 - 2018-05-19
streamity,https://icobench.com/ico/streamity/,4.0,4.3,4.4,3.3,2.8,2018-01-22 - 2018-01-28
teky,https://icobench.com/ico/teky/,2.9,4.3,2.8,1.7,1.7,
trustabit,https://icobench.com/ico/trustabit/,4.3,4.3,0,0,0,2018-02-05 - 2018-02-12
vinnd-io,https://icobench.com/ico/vinnd-io/,3.5,4.3,3.1,3.5,2.5,2018-01-18 - 2018-02-18
baikalika,https://icobench.com/ico/baikalika/,3.5,4.1,2.7,2.8,2.8,2018-02-12 - 2018-03-19
bitcomo,https://icobench.com/ico/bitcomo/,3.8,4.1,3.0,3.0,3.0,2017-12-01 - 2018-02-16
bitrace,https://icobench.com/ico/bitrace/,3.8,4.1,2.0,3.0,3.0,2018-01-25 - 2018-02-25
blockhive,https://icobench.com/ico/blockhive/,4.0,4.1,4.6,4.0,3.0,2018-01-26 - 2018-02-09
blockmesh,https://icobench.com/ico/blockmesh/,4.0,4.1,4.6,4.3,2.7,2018-02-28 - 2018-03-31
cappasity,https://icobench.com/ico/cappasity/,4.1,4.1,4.1,4.3,4.0,2018-03-22 - 2018-04-19
carex,https://icobench.com/ico/carex/,4.3,4.1,5.0,5.0,3.8,2017-12-11 - 2018-03-11
credits,https://icobench.com/ico/credits/,3.5,4.1,3.6,3.7,2.7,2018-02-01 - 2018-02-28
datarius,https://icobench.com/ico/datarius/,4.1,4.1,4.4,4.0,4.0,
edgecoin,https://icobench.com/ico/edgecoin/,3.3,4.1,2.4,3.9,2.4,
ellcrys,https://icobench.com/ico/ellcrys/,3.9,4.1,4.3,3.2,3.5,2018-02-01 - 2018-03-01
energi-token,https://icobench.com/ico/energi-token/,4.2,4.1,4.3,4.3,4.3,2017-11-17 - 2018-01-31
ewaiter,https://icobench.com/ico/ewaiter/,4.2,4.1,3.0,5.0,5.0,2017-12-25 - 2018-01-25
ititaniumcoin,https://icobench.com/ico/ititaniumcoin/,4.1,4.1,4.0,4.0,4.0,2017-12-15 - 2018-01-31
keyrpto,https://icobench.com/ico/keyrpto/,4.1,4.1,0,0,0,2018-01-20 - 2018-01-26
minerva,https://icobench.com/ico/minerva/,4.3,4.1,4.5,4.5,4.5,
naviaddress,https://icobench.com/ico/naviaddress/,4.1,4.1,4.0,5.0,4.0,2018-03-03 - 2018-03-28
nousplatform,https://icobench.com/ico/nousplatform/,3.9,4.1,3.6,4.1,3.7,2018-03-01 - 2018-04-17
odem,https://icobench.com/ico/odem/,4.1,4.1,0,0,0,2018-02-17 - 2018-03-19
parsec-frontiers,https://icobench.com/ico/parsec-frontiers/,3.9,4.1,4.0,2.0,4.0,2018-01-24 - 2018-01-31
pm7,https://icobench.com/ico/pm7/,4.1,4.1,4.0,4.0,4.0,2017-12-17 - 2018-03-04
propify,https://icobench.com/ico/propify/,4.1,4.1,4.0,4.0,4.0,
rentberry,https://icobench.com/ico/rentberry/,3.9,4.1,4.4,3.5,3.7,2017-12-05 - 2018-03-01
safekeet,https://icobench.com/ico/safekeet/,4.0,4.1,4.5,3.5,4.0,2018-01-15 - 2018-02-28
sintez,https://icobench.com/ico/sintez/,4.1,4.1,4.0,4.0,4.0,2018-03-17 - 2018-04-17
skraps,https://icobench.com/ico/skraps/,3.0,4.1,2.5,2.3,2.1,2018-01-15 - 2018-02-15
stk,https://icobench.com/ico/stk/,4.1,4.1,3.8,4.6,3.8,2018-01-31 - 2018-02-14
telcoin,https://icobench.com/ico/telcoin/,3.3,4.1,3.8,2.5,2.1,
tokengo,https://icobench.com/ico/tokengo/,3.2,4.1,3.0,3.0,2.0,
tomocoin,https://icobench.com/ico/tomocoin/,3.9,4.1,5.0,3.4,2.2,2018-03-01 - 2018-03-20
valorem-foundation,https://icobench.com/ico/valorem-foundation/,3.4,4.1,2.1,2.5,2.1,2017-12-15 - 2018-03-30
velix-id,https://icobench.com/ico/velix-id/,4.1,4.1,0,0,0,2018-01-27 - 2018-01-31
ventureon,https://icobench.com/ico/ventureon/,4.1,4.1,0,0,0,2017-11-01 - 2018-02-01
verime,https://icobench.com/ico/verime/,3.8,4.1,4.0,3.3,3.4,2017-12-15 - 2018-01-31
admine,https://icobench.com/ico/admine/,4.0,4.0,4.4,3.7,3.7,2017-12-18 - 2018-01-19
archicoin,https://icobench.com/ico/archicoin/,4.1,4.0,4.0,5.0,5.0,2017-12-01 - 2018-03-07
bank4you,https://icobench.com/ico/bank4you/,3.7,4.0,3.5,3.1,3.1,2017-11-06 - 2018-01-31
blockbank,https://icobench.com/ico/blockbank/,3.9,4.0,4.0,3.8,3.4,2018-02-08 - 2018-03-15
crycash,https://icobench.com/ico/crycash/,4.0,4.0,3.0,5.0,4.0,2017-12-12 - 2018-01-31
dencity,https://icobench.com/ico/dencity/,4.0,4.0,4.0,4.0,4.0,
devery,https://icobench.com/ico/devery/,4.0,4.0,4.0,4.2,3.8,2018-01-18 - 2018-02-11
etcetera,https://icobench.com/ico/etcetera/,4.0,4.0,0,0,0,2018-02-01 - 2018-03-15
giftcoin,https://icobench.com/ico/giftcoin/,3.9,4.0,3.6,4.2,3.6,2018-02-01 - 2018-03-01
hamster-marketplace,https://icobench.com/ico/hamster-marketplace/,3.4,4.0,3.8,3.3,2.5,2018-01-29 - 2018-03-01
hero-1,https://icobench.com/ico/hero-1/,3.5,4.0,2.0,2.0,2.0,
jincor,https://icobench.com/ico/jincor/,3.9,4.0,4.3,3.7,3.5,2017-11-15 - 2018-01-31
krios,https://icobench.com/ico/krios/,4.0,4.0,0,0,0,2018-01-08 - 2018-02-16
kryptopy,https://icobench.com/ico/kryptopy/,3.5,4.0,3.3,2.9,3.0,
liblob,https://icobench.com/ico/liblob/,3.7,4.0,3.5,3.0,3.0,2018-01-08 - 2018-02-04
loyalcoin,https://icobench.com/ico/loyalcoin/,3.9,4.0,4.3,4.0,3.1,2017-12-11 - 2018-02-10
mimicoin,https://icobench.com/ico/mimicoin/,3.7,4.0,3.8,3.3,3.7,2017-12-29 - 2018-02-12
mobilinkcoin,https://icobench.com/ico/mobilinkcoin/,3.7,4.0,3.0,3.0,3.0,2018-01-15 - 2018-01-30
moonlite,https://icobench.com/ico/moonlite/,4.0,4.0,0,0,0,2018-01-05 - 2018-02-14
mytracknet,https://icobench.com/ico/mytracknet/,3.3,4.0,2.8,3.1,2.4,2017-12-14 - 2018-01-31
native-video-box,https://icobench.com/ico/native-video-box/,3.7,4.0,3.0,3.0,3.0,2018-01-01 - 2018-02-28
neurogress,https://icobench.com/ico/neurogress/,3.8,4.0,3.8,3.5,3.5,2018-02-10 - 2018-03-25
pecunio,https://icobench.com/ico/pecunio/,3.9,4.0,3.5,4.0,3.5,2018-02-01 - 2018-03-22
pikciochain,https://icobench.com/ico/pikciochain/,3.8,4.0,3.5,4.3,3.3,2018-02-28 - 2018-03-31
setcoin,https://icobench.com/ico/setcoin/,4.0,4.0,0,0,0,2017-11-01 - 2018-02-01
sharpe-capital,https://icobench.com/ico/sharpe-capital/,4.0,4.0,4.0,4.0,4.0,2017-11-13 - 2018-02-04
simdaq,https://icobench.com/ico/simdaq/,3.6,4.0,2.5,3.0,3.0,2018-01-25 - 2018-03-08
smart-valley,https://icobench.com/ico/smart-valley/,4.0,4.0,4.0,4.0,4.0,2017-12-15 - 2018-03-29
socialx,https://icobench.com/ico/socialx/,3.7,4.0,3.0,3.0,3.0,2018-01-15 - 2018-01-24
storiqa,https://icobench.com/ico/storiqa/,3.3,4.0,2.8,2.7,2.5,2017-11-28 - 2018-02-13
sureremit,https://icobench.com/ico/sureremit/,4.1,4.0,4.3,4.3,4.3,2018-01-10 - 2018-02-10
taklimakan-network,https://icobench.com/ico/taklimakan-network/,3.6,4.0,2.6,3.0,3.0,
tokia,https://icobench.com/ico/tokia/,3.3,4.0,3.4,3.3,2.8,2017-12-04 - 2018-03-15
vestopia,https://icobench.com/ico/vestopia/,4.0,4.0,0,0,0,2018-01-25 - 2018-03-26
weekend-millionaires-club,https://icobench.com/ico/weekend-millionaires-club/,4.0,4.0,0,0,0,2018-01-14 - 2018-01-24
acquaint,https://icobench.com/ico/acquaint/,3.9,3.9,0,0,0,2017-12-01 - 2018-04-15
almbank,https://icobench.com/ico/almbank/,3.2,3.9,2.4,3.7,1.3,2017-12-28 - 2018-01-28
arbidex,https://icobench.com/ico/arbidex/,3.7,3.9,2.0,4.0,3.0,2018-01-11 - 2018-01-29
betterbetting,https://icobench.com/ico/betterbetting/,4.1,3.9,4.4,4.7,3.8,2017-12-15 - 2018-01-31
coinfi,https://icobench.com/ico/coinfi/,3.9,3.9,4.0,4.0,4.0,2018-01-15 - 2018-02-08
coinhealth,https://icobench.com/ico/coinhealth/,3.6,3.9,4.0,3.2,3.0,2017-12-10 - 2018-02-28
doft,https://icobench.com/ico/doft/,3.8,3.9,2.9,4.0,4.0,
emu-project,https://icobench.com/ico/emu-project/,3.9,3.9,4.0,4.0,3.7,2018-02-01 - 2018-03-15
ethichub,https://icobench.com/ico/ethichub/,3.9,3.9,0,0,0,
evareium,https://icobench.com/ico/evareium/,3.7,3.9,3.0,3.0,2.0,
familypoints,https://icobench.com/ico/familypoints/,3.4,3.9,3.0,3.3,3.0,2018-02-21 - 2018-02-27
fintechfans,https://icobench.com/ico/fintechfans/,3.9,3.9,4.0,4.0,4.0,2017-11-29 - 2018-01-31
goldea,https://icobench.com/ico/goldea/,3.7,3.9,5.0,1.9,3.0,2017-12-01 - 2018-03-31
gpcc,https://icobench.com/ico/gpcc/,3.9,3.9,4.0,4.0,4.0,2017-12-13 - 2018-01-31
hada-dbank,https://icobench.com/ico/hada-dbank/,3.9,3.9,0,0,0,2017-12-20 - 2018-01-31
heardbeats,https://icobench.com/ico/heardbeats/,3.6,3.9,3.0,3.4,3.4,
herdius,https://icobench.com/ico/herdius/,3.9,3.9,3.9,3.9,3.9,2017-12-11 - 2018-01-20
ignite-ratings,https://icobench.com/ico/ignite-ratings/,3.9,3.9,0,0,0,
knowledge,https://icobench.com/ico/knowledge/,3.7,3.9,3.5,4.0,2.0,2018-01-15 - 2018-02-12
legolas-exchange,https://icobench.com/ico/legolas-exchange/,3.9,3.9,0,0,0,2018-02-01 - 2018-02-15
new-era-energy,https://icobench.com/ico/new-era-energy/,3.9,3.9,0,0,0,2018-01-15 - 2018-02-26
origami-network,https://icobench.com/ico/origami-network/,3.9,3.9,4.0,4.0,4.0,2018-02-13 - 2018-02-20
peer-mountain,https://icobench.com/ico/peer-mountain/,3.9,3.9,0,0,0,2018-02-12 - 2018-03-12
perkscoin,https://icobench.com/ico/perkscoin/,4.2,3.9,4.8,4.8,3.7,2017-11-25 - 2018-02-28
refereum,https://icobench.com/ico/refereum/,3.9,3.9,4.0,4.0,4.0,2018-02-12 - 2018-03-12
restart-energy,https://icobench.com/ico/restart-energy/,4.0,3.9,5.0,5.0,4.0,2018-01-15 - 2018-02-12
r-block,https://icobench.com/ico/r-block/,3.9,3.9,4.0,4.0,4.0,2018-01-30 - 2018-02-20
safinus,https://icobench.com/ico/safinus/,3.9,3.9,0,0,0,2018-01-23 - 2018-02-14
stampify,https://icobench.com/ico/stampify/,3.9,3.9,4.0,4.0,4.0,2017-12-01 - 2018-01-30
streamspace,https://icobench.com/ico/streamspace/,4.1,3.9,4.5,5.0,4.0,2018-01-15 - 2018-02-12
tokenlend,https://icobench.com/ico/tokenlend/,4.0,3.9,4.2,4.2,4.0,2018-03-01 - 2018-03-11
tokenomy,https://icobench.com/ico/tokenomy/,3.9,3.9,0,0,0,2018-01-15 - 2018-02-05
tradove,https://icobench.com/ico/tradove/,4.5,3.9,4.6,4.7,4.6,2017-10-26 - 2018-02-01
trendit,https://icobench.com/ico/trendit/,3.9,3.9,0,0,0,2018-02-08 - 2018-03-15
xfermoney,https://icobench.com/ico/xfermoney/,3.9,3.9,0,0,0,2018-01-17 - 2018-02-15
acomobase,https://icobench.com/ico/acomobase/,3.9,3.8,4.0,4.0,4.0,2017-12-04 - 2018-01-31
adamant-messenger,https://icobench.com/ico/adamant-messenger/,3.8,3.8,0,0,0,2017-12-14 - 2018-01-25
birdchain,https://icobench.com/ico/birdchain/,3.6,3.8,3.8,3.8,3.0,
bitindia,https://icobench.com/ico/bitindia/,3.8,3.8,4.0,3.4,4.0,
blockbits,https://icobench.com/ico/blockbits/,3.8,3.8,0,0,0,2018-01-20 - 2018-02-14
botgaming,https://icobench.com/ico/botgaming/,3.8,3.8,0,0,0,2018-01-15 - 2018-04-15
cashbet,https://icobench.com/ico/cashbet/,3.8,3.8,0,0,0,2018-01-24 - 2018-02-20
cederis,https://icobench.com/ico/cederis/,3.7,3.8,3.5,4.0,3.5,2018-01-16 - 2018-02-18
coinstarter,https://icobench.com/ico/coinstarter/,3.5,3.8,3.3,3.1,3.1,2018-01-06 - 2018-01-20
docademic,https://icobench.com/ico/docademic/,3.8,3.8,0,0,0,2018-01-29 - 2018-02-28
fabric-token,https://icobench.com/ico/fabric-token/,3.7,3.8,3.5,4.0,3.5,2018-02-15 - 2018-04-01
fabric-token,https://icobench.com/ico/fabric-token/,3.7,3.8,3.5,4.0,3.5,2018-02-15 - 2018-04-01
fan-controlled-football-league,https://icobench.com/ico/fan-controlled-football-league/,4.0,3.8,4.3,4.3,4.3,
fic-network,https://icobench.com/ico/fic-network/,3.8,3.8,0,0,0,2018-01-18 - 2018-03-25
galaxy-esolutions,https://icobench.com/ico/galaxy-esolutions/,4.0,3.8,4.4,4.4,4.1,2018-01-28 - 2018-03-05
liveedu,https://icobench.com/ico/liveedu/,3.0,3.8,2.3,2.3,2.0,2018-01-15 - 2018-02-10
medcredits,https://icobench.com/ico/medcredits/,3.8,3.8,0,0,0,2018-01-14 - 2018-03-01
nuvus-io,https://icobench.com/ico/nuvus-io/,3.8,3.8,0,0,0,2018-02-01 - 2018-04-15
open-money,https://icobench.com/ico/open-money/,3.7,3.8,3.1,3.8,3.8,
skychain,https://icobench.com/ico/skychain/,3.6,3.8,3.0,3.0,3.0,
smartrefer,https://icobench.com/ico/smartrefer/,3.8,3.8,0,0,0,2018-01-18 - 2018-03-18
storm,https://icobench.com/ico/storm/,3.8,3.8,0,0,0,
sudan-gold-coin,https://icobench.com/ico/sudan-gold-coin/,3.7,3.8,4.2,3.4,3.3,2018-01-25 - 2018-02-25
vectorzilla,https://icobench.com/ico/vectorzilla/,3.8,3.8,0,0,0,2018-01-15 - 2018-02-05
verify,https://icobench.com/ico/verify/,3.9,3.8,4.0,4.0,4.0,
water-to-the-world,https://icobench.com/ico/water-to-the-world/,3.7,3.8,3.7,4.2,3.0,2018-01-07 - 2018-01-31
white-rabbit,https://icobench.com/ico/white-rabbit/,3.8,3.8,0,0,0,2017-11-30 - 2018-01-30
wysker,https://icobench.com/ico/wysker/,3.9,3.8,4.0,4.0,4.0,2017-11-17 - 2018-01-31
xwin-cryptobet,https://icobench.com/ico/xwin-cryptobet/,4.1,3.8,4.6,4.6,4.0,2017-10-30 - 2018-01-30
arna-panacea,https://icobench.com/ico/arna-panacea/,3.8,3.6,3.7,3.8,4.1,2017-12-15 - 2018-02-10
betex,https://icobench.com/ico/betex/,3.6,3.6,3.0,4.0,4.0,2017-12-04 - 2018-01-31
blockchain-taxi,https://icobench.com/ico/blockchain-taxi/,3.6,3.6,0,0,0,2018-01-20 - 2018-02-20
blockfood,https://icobench.com/ico/blockfood/,3.6,3.6,0,0,0,2018-01-08 - 2018-02-08
blockrx,https://icobench.com/ico/blockrx/,3.6,3.6,0,0,0,2017-09-21 - 2018-01-31
bluzelle,https://icobench.com/ico/bluzelle/,3.7,3.6,4.0,4.0,4.0,2018-01-18 - 2018-02-02
car-token,https://icobench.com/ico/car-token/,3.5,3.6,3.0,4.0,3.0,2017-12-01 - 2018-02-15
cprop,https://icobench.com/ico/cprop/,3.6,3.6,0,0,0,2017-12-15 - 2018-01-31
cryptaur,https://icobench.com/ico/cryptaur/,3.6,3.6,4.0,4.0,3.0,2017-11-27 - 2018-02-12
datecoin,https://icobench.com/ico/datecoin/,3.6,3.6,4.0,4.0,3.0,2017-11-29 - 2018-04-01
dehedge,https://icobench.com/ico/dehedge/,3.7,3.6,4.0,4.0,4.0,
dolphinbi,https://icobench.com/ico/dolphinbi/,3.7,3.6,3.3,4.1,4.1,
eristica,https://icobench.com/ico/eristica/,3.6,3.6,4.0,3.6,3.6,2017-12-07 - 2018-02-07
funfair,https://icobench.com/ico/funfair/,4.1,3.6,4.7,4.2,4.5,
handelion,https://icobench.com/ico/handelion/,3.6,3.6,0,0,0,2017-12-15 - 2018-02-15
hotoken,https://icobench.com/ico/hotoken/,4.3,3.6,4.6,4.8,4.9,2017-12-06 - 2018-01-20
inspeer,https://icobench.com/ico/inspeer/,3.8,3.6,4.5,3.7,3.4,2017-12-11 - 2018-02-05
local-world-forwarders,https://icobench.com/ico/local-world-forwarders/,3.6,3.6,4.0,3.4,3.4,2018-01-23 - 2018-02-23
mcfly-aero,https://icobench.com/ico/mcfly-aero/,3.2,3.6,3.0,3.1,3.0,2018-01-22 - 2018-02-15
pindify,https://icobench.com/ico/pindify/,4.0,3.6,4.1,4.2,4.2,2017-11-20 - 2018-01-20
rucoin,https://icobench.com/ico/rucoin/,3.6,3.6,4.0,4.0,3.0,2018-01-15 - 2018-04-15
smschain,https://icobench.com/ico/smschain/,3.2,3.6,3.0,2.4,2.4,
taskfair,https://icobench.com/ico/taskfair/,3.7,3.6,4.0,3.5,4.0,
tru-reputation-network,https://icobench.com/ico/tru-reputation-network/,3.6,3.6,0,0,0,2018-01-04 - 2018-03-05
astorgame,https://icobench.com/ico/astorgame/,3.5,3.5,3.3,3.7,3.7,2018-01-10 - 2018-01-23
beefcoin,https://icobench.com/ico/beefcoin/,2.4,3.5,1.9,1.9,2.0,2018-01-01 - 2018-03-31
biocoin,https://icobench.com/ico/biocoin/,3.7,3.5,4.0,4.5,4.0,2017-11-01 - 2018-02-18
bithercash,https://icobench.com/ico/bithercash/,3.5,3.5,0,0,0,2017-12-05 - 2020-01-20
buildcoin,https://icobench.com/ico/buildcoin/,3.5,3.5,0,0,0,2018-01-03 - 2019-01-03
cryptics,https://icobench.com/ico/cryptics/,3.6,3.5,4.0,4.0,3.5,2018-03-26 - 2018-04-26
digitex,https://icobench.com/ico/digitex/,3.5,3.5,0,0,0,2018-01-15 - 2018-02-15
ecos,https://icobench.com/ico/ecos/,3.5,3.5,0,0,0,2018-02-15 - 2018-03-15
ethorse,https://icobench.com/ico/ethorse/,3.8,3.5,3.2,4.4,4.2,2018-01-24 - 2018-02-20
healthureum,https://icobench.com/ico/healthureum/,3.6,3.5,4.0,4.0,4.0,2018-01-26 - 2018-03-01
immla,https://icobench.com/ico/immla/,3.6,3.5,3.6,4.2,3.5,
immvrse,https://icobench.com/ico/immvrse/,3.5,3.5,0,0,0,
ironblock,https://icobench.com/ico/ironblock/,3.2,3.5,2.5,3.0,2.5,
luven-diagnostic,https://icobench.com/ico/luven-diagnostic/,3.4,3.5,3.0,3.0,3.0,2018-01-15 - 2018-02-28
neurochain,https://icobench.com/ico/neurochain/,3.5,3.5,0,0,0,
news,https://icobench.com/ico/news/,3.5,3.5,0,0,0,2018-01-01 - 2018-01-31
nuggets,https://icobench.com/ico/nuggets/,3.5,3.5,3.0,4.0,4.0,
peculium,https://icobench.com/ico/peculium/,3.2,3.5,2.8,3.0,3.1,2017-12-21 - 2018-01-24
rentything,https://icobench.com/ico/rentything/,3.5,3.5,0,0,0,2018-02-28 - 2018-03-31
rhovit,https://icobench.com/ico/rhovit/,3.2,3.5,3.0,2.7,2.7,
synapse,https://icobench.com/ico/synapse/,3.4,3.5,3.0,3.0,3.0,2018-02-05 - 2018-03-05
voxxo,https://icobench.com/ico/voxxo/,3.4,3.5,3.0,3.0,3.0,2017-11-01 - 2018-03-05
xzen,https://icobench.com/ico/xzen/,3.3,3.5,3.0,2.7,3.6,
zapit,https://icobench.com/ico/zapit/,3.5,3.5,0,0,0,2018-01-30 - 2018-02-28
altair-vr,https://icobench.com/ico/altair-vr/,3.4,3.4,3.0,3.0,4.0,2018-01-29 - 2018-02-12
balehu-bucks,https://icobench.com/ico/balehu-bucks/,3.6,3.4,4.0,4.0,4.0,2018-02-01 - 2018-03-31
beesocials,https://icobench.com/ico/beesocials/,2.7,3.4,2.8,2.6,2.0,
bioritmai,https://icobench.com/ico/bioritmai/,3.4,3.4,0,0,0,2018-01-30 - 2018-02-13
blocksquare-io,https://icobench.com/ico/blocksquare-io/,3.6,3.4,3.5,5.0,3.5,
ceek,https://icobench.com/ico/ceek/,3.7,3.4,5.0,5.0,5.0,2018-02-05 - 2018-03-05
daxbase,https://icobench.com/ico/daxbase/,3.5,3.4,3.0,4.0,4.0,2017-12-04 - 2018-03-11
deex,https://icobench.com/ico/deex/,3.4,3.4,0,0,0,2018-01-10 - 2018-02-28
doc-coin,https://icobench.com/ico/doc-coin/,3.4,3.4,0,0,0,2018-01-25 - 2018-02-02
elpis,https://icobench.com/ico/elpis/,3.7,3.4,5.0,5.0,5.0,2017-11-01 - 2018-03-01
game-protocol,https://icobench.com/ico/game-protocol/,3.4,3.4,0,0,0,
hearthy,https://icobench.com/ico/hearthy/,3.3,3.4,3.0,3.5,3.0,2018-02-05 - 2018-02-25
incremint-io,https://icobench.com/ico/incremint-io/,3.6,3.4,5.0,5.0,5.0,2018-01-15 - 2018-02-28
mdl-talent-hub,https://icobench.com/ico/mdl-talent-hub/,3.4,3.4,0,0,0,2018-01-12 - 2018-01-31
mossland,https://icobench.com/ico/mossland/,3.4,3.4,0,0,0,2018-01-29 - 2018-02-11
peerity,https://icobench.com/ico/peerity/,3.3,3.4,3.9,2.9,2.9,2018-02-01 - 2018-02-28
rate-ico,https://icobench.com/ico/rate-ico/,3.5,3.4,4.2,3.4,3.4,2018-01-01 - 2018-01-31
revoil,https://icobench.com/ico/revoil/,3.3,3.4,3.0,3.0,3.0,
squeezer,https://icobench.com/ico/squeezer/,3.3,3.4,3.0,3.0,3.0,2018-01-05 - 2018-02-25
swarm-fund,https://icobench.com/ico/swarm-fund/,3.4,3.4,4.0,3.0,3.0,
tetarise,https://icobench.com/ico/tetarise/,3.4,3.4,0,0,0,
tokenai,https://icobench.com/ico/tokenai/,3.4,3.4,3.0,4.0,3.0,
tradeplayz,https://icobench.com/ico/tradeplayz/,3.4,3.4,0,0,0,2018-02-01 - 2018-03-01
vesa-token,https://icobench.com/ico/vesa-token/,3.4,3.4,0,0,0,2018-01-28 - 2018-02-18
ziggurat-token,https://icobench.com/ico/ziggurat-token/,3.3,3.4,3.0,3.0,3.0,2017-11-20 - 2018-04-19
zilla,https://icobench.com/ico/zilla/,3.4,3.4,4.0,3.0,3.0,
zpay-network,https://icobench.com/ico/zpay-network/,3.2,3.4,2.0,2.0,3.0,2018-01-01 - 2018-01-31
akm-global,https://icobench.com/ico/akm-global/,3.3,3.3,4.0,3.0,3.0,2017-09-30 - 2018-05-10
antiqmall,https://icobench.com/ico/antiqmall/,3.2,3.3,3.0,3.0,3.0,2017-12-25 - 2018-02-10
blockchain-aero,https://icobench.com/ico/blockchain-aero/,3.6,3.3,3.2,4.5,3.9,
brixby,https://icobench.com/ico/brixby/,3.2,3.3,3.0,3.0,3.0,
cca,https://icobench.com/ico/cca/,3.3,3.3,0,0,0,2017-11-10 - 2018-01-31
copytrack,https://icobench.com/ico/copytrack/,3.4,3.3,5.0,3.0,3.0,2017-12-10 - 2018-02-10
corcom,https://icobench.com/ico/corcom/,3.3,3.3,0,0,0,2018-01-01 - 2018-01-31
cryptoalias,https://icobench.com/ico/cryptoalias/,3.2,3.3,3.0,4.5,2.0,2017-12-20 - 2018-01-20
digit-coin,https://icobench.com/ico/digit-coin/,3.4,3.3,3.0,4.0,3.5,2017-12-28 - 2018-02-14
eiracube,https://icobench.com/ico/eiracube/,3.3,3.3,0,0,0,2018-01-25 - 2018-03-25
electrify-asia,https://icobench.com/ico/electrify-asia/,3.6,3.3,5.0,4.5,4.0,2018-02-13 - 2018-03-01
eticket4,https://icobench.com/ico/eticket4/,2.8,3.3,2.0,1.0,1.0,2018-01-30 - 2018-02-21
experimental,https://icobench.com/ico/experimental/,3.3,3.3,0,0,0,
fast-invest,https://icobench.com/ico/fast-invest/,3.4,3.3,4.0,3.0,4.0,2017-12-04 - 2018-01-31
first-crypto-etf,https://icobench.com/ico/first-crypto-etf/,3.3,3.3,0,0,0,
flashmoni,https://icobench.com/ico/flashmoni/,3.3,3.3,0,0,0,2018-01-20 - 2018-01-31
freelancercoin,https://icobench.com/ico/freelancercoin/,3.3,3.3,0,0,0,2017-12-29 - 2018-03-31
gelios,https://icobench.com/ico/gelios/,3.3,3.3,0,0,0,2018-03-13 - 2018-04-12
giftz-io,https://icobench.com/ico/giftz-io/,3.3,3.3,0,0,0,2017-11-24 - 2018-02-24
hackspace,https://icobench.com/ico/hackspace/,3.3,3.3,0,0,0,2017-09-19 - 2018-09-20
kpr-coin,https://icobench.com/ico/kpr-coin/,3.3,3.3,0,0,0,2018-02-01 - 2018-02-15
mevu,https://icobench.com/ico/mevu/,3.3,3.3,0,0,0,2018-06-11 - 2018-07-16
midex,https://icobench.com/ico/midex/,3.3,3.3,0,0,0,2018-01-15 - 2018-03-15
mokenex,https://icobench.com/ico/mokenex/,3.3,3.3,0,0,0,2018-01-22 - 2018-03-13
movement-app,https://icobench.com/ico/movement-app/,3.2,3.3,2.0,3.0,3.0,
origin-protocol,https://icobench.com/ico/origin-protocol/,3.3,3.3,0,0,0,
peerguess,https://icobench.com/ico/peerguess/,3.5,3.3,4.0,4.0,4.0,
priorityex,https://icobench.com/ico/priorityex/,3.3,3.3,0,0,0,2018-01-01 - 2018-03-31
qlink,https://icobench.com/ico/qlink/,3.3,3.3,0,0,0,2017-12-27 - 2018-01-27
quasa,https://icobench.com/ico/quasa/,3.2,3.3,3.0,3.0,3.0,
reportercommunity,https://icobench.com/ico/reportercommunity/,3.3,3.3,0,0,0,
requitix,https://icobench.com/ico/requitix/,3.4,3.3,3.0,4.0,4.0,
rexpax,https://icobench.com/ico/rexpax/,3.2,3.3,3.3,3.3,2.3,
shivers,https://icobench.com/ico/shivers/,3.3,3.3,0,0,0,2018-01-01 - 2018-02-28
sintec,https://icobench.com/ico/sintec/,2.3,3.3,1.8,1.6,1.6,2018-01-25 - 2018-04-07
the-token-fund,https://icobench.com/ico/the-token-fund/,3.4,3.3,3.0,4.0,4.0,
valhalla,https://icobench.com/ico/valhalla/,3.1,3.3,3.0,2.0,2.0,
alfatoken,https://icobench.com/ico/alfatoken/,3.1,3.1,0,0,0,2018-01-22 - 2018-04-22
ammbr,https://icobench.com/ico/ammbr/,3.1,3.1,0,0,0,
buron,https://icobench.com/ico/buron/,3.2,3.1,2.4,4.0,3.4,2017-12-21 - 2018-12-21
chimaera,https://icobench.com/ico/chimaera/,3.3,3.1,3.5,3.5,3.5,
coincrowd,https://icobench.com/ico/coincrowd/,3.3,3.1,3.6,3.6,3.6,2017-11-15 - 2018-02-07
coinpennant,https://icobench.com/ico/coinpennant/,3.1,3.1,3.0,3.0,3.0,
conda,https://icobench.com/ico/conda/,3.1,3.1,0,0,0,2017-12-20 - 2018-02-15
crypto-trust-network,https://icobench.com/ico/crypto-trust-network/,3.3,3.1,3.0,4.5,3.5,2017-12-22 - 2018-01-22
dapp-builder,https://icobench.com/ico/dapp-builder/,3.3,3.1,4.0,4.0,4.0,
darenta,https://icobench.com/ico/darenta/,3.0,3.1,2.0,2.0,4.0,2017-12-31 - 2018-03-31
deep-gold,https://icobench.com/ico/deep-gold/,3.1,3.1,3.0,3.0,3.0,
epoch,https://icobench.com/ico/epoch/,3.1,3.1,0,0,0,2018-01-08 - 2018-02-07
fortitude-ranch,https://icobench.com/ico/fortitude-ranch/,3.4,3.1,3.8,3.8,3.8,2017-12-07 - 2018-01-30
further-network,https://icobench.com/ico/further-network/,3.1,3.1,0,0,0,2018-02-05 - 2018-02-26
glxcoin,https://icobench.com/ico/glxcoin/,3.1,3.1,0,0,0,2018-01-15 - 2018-02-01
havven,https://icobench.com/ico/havven/,3.1,3.1,0,0,0,2018-02-28 - 2018-03-07
health-monitor,https://icobench.com/ico/health-monitor/,3.1,3.1,0,0,0,2017-11-29 - 2018-01-31
ink-labs-foundation,https://icobench.com/ico/ink-labs-foundation/,3.3,3.1,4.0,4.0,4.0,
lydian,https://icobench.com/ico/lydian/,3.1,3.1,0,0,0,2017-10-30 - 2018-01-29
majato-project,https://icobench.com/ico/majato-project/,3.2,3.1,2.6,4.7,2.3,2017-12-20 - 2018-02-03
nebeus,https://icobench.com/ico/nebeus/,3.0,3.1,2.8,3.2,2.8,
nucleus,https://icobench.com/ico/nucleus/,3.2,3.1,3.3,3.6,3.0,
pingvalue,https://icobench.com/ico/pingvalue/,3.1,3.1,3.0,3.0,3.0,2018-01-13 - 2018-02-10
pinnacle-brilliance,https://icobench.com/ico/pinnacle-brilliance/,3.1,3.1,0,0,0,2018-01-15 - 2018-01-30
prosume-energy,https://icobench.com/ico/prosume-energy/,3.1,3.1,3.0,3.0,3.0,
rate-date,https://icobench.com/ico/rate-date/,2.3,3.1,2.4,1.7,1.7,2018-01-15 - 2018-02-12
simply-vital-health,https://icobench.com/ico/simply-vital-health/,3.2,3.1,3.0,4.0,4.0,2018-02-22 - 2018-03-20
sparklecoin,https://icobench.com/ico/sparklecoin/,3.1,3.1,3.0,3.0,3.0,
symmetry-fund,https://icobench.com/ico/symmetry-fund/,3.1,3.1,0,0,0,2017-12-10 - 2018-02-10
take-profit,https://icobench.com/ico/take-profit/,3.2,3.1,3.0,4.0,4.0,
telegraf-money,https://icobench.com/ico/telegraf-money/,3.2,3.1,3.0,4.0,3.0,
tuk-tuk-pass,https://icobench.com/ico/tuk-tuk-pass/,3.1,3.1,0,0,0,2018-01-15 - 2018-01-31
zed,https://icobench.com/ico/zed/,3.1,3.1,0,0,0,
alttex,https://icobench.com/ico/alttex/,3.0,3.0,0,0,0,2017-12-11 - 2018-01-24
arbi,https://icobench.com/ico/arbi/,3.2,3.0,3.0,4.0,4.0,
battle-of-titans,https://icobench.com/ico/battle-of-titans/,3.2,3.0,3.5,3.5,3.9,
biometrids,https://icobench.com/ico/biometrids/,3.2,3.0,3.0,4.5,3.0,2018-01-29 - 2018-02-26
canabio,https://icobench.com/ico/canabio/,3.0,3.0,0,0,0,2018-01-01 - 2018-12-15
centra,https://icobench.com/ico/centra/,3.0,3.0,0,0,0,
coinseed,https://icobench.com/ico/coinseed/,3.2,3.0,3.6,4.0,3.4,2018-03-20 - 2018-04-20
dcx,https://icobench.com/ico/dcx/,2.8,3.0,2.0,3.0,2.0,2018-01-05 - 2018-01-30
dealbox,https://icobench.com/ico/dealbox/,3.0,3.0,0,0,0,2017-11-19 - 2018-01-19
fluence,https://icobench.com/ico/fluence/,2.8,3.0,2.0,2.0,2.0,
fueldapp,https://icobench.com/ico/fueldapp/,3.8,3.0,5.0,5.0,5.0,
fund-platform,https://icobench.com/ico/fund-platform/,2.5,3.0,1.9,2.7,1.9,
lucidexchange,https://icobench.com/ico/lucidexchange/,3.3,3.0,4.0,4.0,4.0,
media-network-token,https://icobench.com/ico/media-network-token/,3.3,3.0,5.0,5.0,5.0,2017-12-15 - 2018-02-15
micars,https://icobench.com/ico/micars/,3.0,3.0,3.0,3.0,3.0,2018-01-12 - 2018-02-13
moms-avenue,https://icobench.com/ico/moms-avenue/,2.4,3.0,2.4,2.2,1.8,
monartis,https://icobench.com/ico/monartis/,3.0,3.0,0,0,0,2017-12-04 - 2018-01-21
nyx,https://icobench.com/ico/nyx/,3.0,3.0,3.0,3.0,3.0,2018-01-24 - 2018-02-07
olxa,https://icobench.com/ico/olxa/,3.0,3.0,0,0,0,2018-02-01 - 2018-02-07
open-longevity,https://icobench.com/ico/open-longevity/,2.5,3.0,2.1,1.9,1.5,
pumped,https://icobench.com/ico/pumped/,3.0,3.0,0,0,0,
reales-coin,https://icobench.com/ico/reales-coin/,3.0,3.0,0,0,0,2018-01-10 - 2018-02-10
serenity-financial,https://icobench.com/ico/serenity-financial/,3.3,3.0,4.0,4.0,4.0,
smarthealthcare,https://icobench.com/ico/smarthealthcare/,3.0,3.0,0,0,0,2018-02-12 - 2018-03-13
superdao,https://icobench.com/ico/superdao/,3.0,3.0,0,0,0,
viewly,https://icobench.com/ico/viewly/,2.8,3.0,2.0,2.0,2.0,
waltix,https://icobench.com/ico/waltix/,3.3,3.0,4.0,4.0,4.0,
weare-ecosystem,https://icobench.com/ico/weare-ecosystem/,3.2,3.0,5.0,5.0,5.0,2017-12-15 - 2018-02-15
yohocube,https://icobench.com/ico/yohocube/,3.0,3.0,0,0,0,
3d-token,https://icobench.com/ico/3d-token/,2.9,2.9,0,0,0,2018-01-01 - 2018-02-11
aktie-social,https://icobench.com/ico/aktie-social/,2.9,2.9,0,0,0,2018-02-01 - 2018-02-14
algebraix-data,https://icobench.com/ico/algebraix-data/,3.1,2.9,3.0,4.0,4.0,
celsius,https://icobench.com/ico/celsius/,2.9,2.9,3.7,3.0,1.9,2018-01-20 - 2018-02-20
chain-id,https://icobench.com/ico/chain-id/,2.9,2.9,0,0,0,2018-02-01 - 2018-02-28
cryogen,https://icobench.com/ico/cryogen/,2.9,2.9,0,0,0,2017-11-09 - 2018-02-01
data-trading,https://icobench.com/ico/data-trading/,2.4,2.9,1.0,1.0,1.0,2017-12-18 - 2018-02-22
duber,https://icobench.com/ico/duber/,2.9,2.9,2.0,4.0,3.0,2017-12-05 - 2018-01-19
eharvesthub,https://icobench.com/ico/eharvesthub/,2.9,2.9,0,0,0,2018-04-28 - 2018-05-23
ethera-coin,https://icobench.com/ico/ethera-coin/,2.9,2.9,0,0,0,2018-01-01 - 2018-04-04
ethernal-heroes,https://icobench.com/ico/ethernal-heroes/,2.9,2.9,3.0,2.0,3.0,
exsulcoin,https://icobench.com/ico/exsulcoin/,2.4,2.9,1.0,1.0,1.0,2017-12-04 - 2018-02-12
gems,https://icobench.com/ico/gems/,2.9,2.9,0,0,0,
globetrotter,https://icobench.com/ico/globetrotter/,2.9,2.9,2.5,3.0,3.0,2018-01-15 - 2018-02-28
hade,https://icobench.com/ico/hade/,2.9,2.9,3.0,3.0,3.0,
insights-network,https://icobench.com/ico/insights-network/,3.1,2.9,3.0,4.0,4.0,2018-01-28 - 2018-02-14
liminality-network,https://icobench.com/ico/liminality-network/,2.9,2.9,0,0,0,
masscryp,https://icobench.com/ico/masscryp/,2.9,2.9,0,0,0,2017-11-28 - 2018-01-31
medibond,https://icobench.com/ico/medibond/,2.9,2.9,3.0,3.0,3.0,
misscoin,https://icobench.com/ico/misscoin/,2.9,2.9,0,0,0,2017-12-09 - 2018-05-07
mytime,https://icobench.com/ico/mytime/,2.9,2.9,0,0,0,2018-03-24 - 2018-03-24
onncoin,https://icobench.com/ico/onncoin/,2.9,2.9,0,0,0,2018-01-15 - 2018-03-15
openassets,https://icobench.com/ico/openassets/,2.9,2.9,0,0,0,2018-02-26 - 2018-04-01
piligrim-xxi,https://icobench.com/ico/piligrim-xxi/,2.2,2.9,1.0,1.6,1.0,
r-pay,https://icobench.com/ico/r-pay/,3.0,2.9,3.0,4.0,4.0,
rchain,https://icobench.com/ico/rchain/,2.9,2.9,0,0,0,
relest,https://icobench.com/ico/relest/,3.3,2.9,2.7,4.3,4.3,2017-11-25 - 2018-01-25
smartcity,https://icobench.com/ico/smartcity/,2.9,2.9,0,0,0,2018-01-15 - 2018-01-31
sooloox,https://icobench.com/ico/sooloox/,2.9,2.9,0,0,0,2018-04-16 - 2018-04-21
telegram-open-network,https://icobench.com/ico/telegram-open-network/,2.9,2.9,0,0,0,
workpress,https://icobench.com/ico/workpress/,2.9,2.9,0,0,0,2018-01-01 - 2018-01-31
cointed,https://icobench.com/ico/cointed/,2.6,2.8,2.5,2.2,2.6,2017-11-20 - 2018-02-28
crassula,https://icobench.com/ico/crassula/,2.8,2.8,0,0,0,
decoin,https://icobench.com/ico/decoin/,2.9,2.8,3.5,3.0,2.5,2017-12-18 - 2018-01-31
elige-re,https://icobench.com/ico/elige-re/,2.9,2.8,3.0,3.0,3.0,
foodimus,https://icobench.com/ico/foodimus/,2.8,2.8,0,0,0,2018-03-01 - 2018-04-15
gravel-coin,https://icobench.com/ico/gravel-coin/,2.9,2.8,3.0,3.5,3.0,2017-12-15 - 2018-01-31
gron-digital,https://icobench.com/ico/gron-digital/,3.0,2.8,4.0,4.0,3.0,2018-01-09 - 2018-01-23
hybrid-betting,https://icobench.com/ico/hybrid-betting/,3.0,2.8,4.0,4.0,3.0,2018-01-10 - 2018-03-10
jnet1,https://icobench.com/ico/jnet1/,2.5,2.8,1.9,2.7,1.5,
loan-bit,https://icobench.com/ico/loan-bit/,2.9,2.8,3.0,3.0,3.0,
loyaltychain,https://icobench.com/ico/loyaltychain/,2.8,2.8,0,0,0,
maxbull-coin,https://icobench.com/ico/maxbull-coin/,2.8,2.8,0,0,0,2018-01-01 - 2018-03-31
mdk,https://icobench.com/ico/mdk/,3.0,2.8,3.0,3.0,4.0,
mining-now,https://icobench.com/ico/mining-now/,2.9,2.8,3.0,4.0,3.0,2017-12-05 - 2018-02-28
proncoin,https://icobench.com/ico/proncoin/,2.8,2.8,0,0,0,2018-01-01 - 2018-03-21
pulsar,https://icobench.com/ico/pulsar/,3.1,2.8,4.0,3.7,3.7,2017-11-13 - 2018-05-13
tag-world-exchange,https://icobench.com/ico/tag-world-exchange/,3.8,2.8,4.7,4.7,4.7,2018-01-03 - 2018-02-03
the-advertising-currency,https://icobench.com/ico/the-advertising-currency/,2.8,2.8,0,0,0,2017-12-01 - 2018-01-29
veritas-mining,https://icobench.com/ico/veritas-mining/,2.8,2.8,0,0,0,
vyral,https://icobench.com/ico/vyral/,2.8,2.8,0,0,0,
aditus,https://icobench.com/ico/aditus/,2.6,2.6,0,0,0,
alchemybyte,https://icobench.com/ico/alchemybyte/,2.6,2.6,0,0,0,2018-01-02 - 2018-02-16
auditchain,https://icobench.com/ico/auditchain/,2.6,2.6,0,0,0,
bondkick-syndicate,https://icobench.com/ico/bondkick-syndicate/,2.6,2.6,0,0,0,2017-11-06 - 2018-01-31
charityspace,https://icobench.com/ico/charityspace/,2.9,2.6,3.2,3.7,2.7,2018-04-20 - 2018-05-31
chatello-app,https://icobench.com/ico/chatello-app/,2.6,2.6,0,0,0,2018-01-02 - 2018-02-15
coincasino,https://icobench.com/ico/coincasino/,2.1,2.6,1.6,1.6,1.0,2017-12-27 - 2018-02-15
cottagecoin,https://icobench.com/ico/cottagecoin/,2.5,2.6,3.0,2.0,2.0,2018-02-01 - 2018-02-28
fair-game,https://icobench.com/ico/fair-game/,2.8,2.6,2.6,3.4,3.0,2017-12-28 - 2018-01-28
fornicoin,https://icobench.com/ico/fornicoin/,2.6,2.6,0,0,0,2018-01-05 - 2018-02-20
green-list-standard,https://icobench.com/ico/green-list-standard/,2.6,2.6,0,0,0,2017-12-01 - 2018-01-31
hellenium,https://icobench.com/ico/hellenium/,2.6,2.6,0,0,0,
herby,https://icobench.com/ico/herby/,2.6,2.6,0,0,0,
iconiq-lab,https://icobench.com/ico/iconiq-lab/,2.6,2.6,0,0,0,
luckbox,https://icobench.com/ico/luckbox/,2.6,2.6,0,0,0,2018-01-22 - 2018-02-15
medichain,https://icobench.com/ico/medichain/,2.6,2.6,0,0,0,
mercury-protocol,https://icobench.com/ico/mercury-protocol/,2.6,2.6,0,0,0,
patriot,https://icobench.com/ico/patriot/,2.6,2.6,0,0,0,2018-01-05 - 2018-02-05
pinkdate,https://icobench.com/ico/pinkdate/,2.6,2.6,0,0,0,2018-01-01 - 2018-01-31
presscoin,https://icobench.com/ico/presscoin/,2.6,2.6,0,0,0,
revv-coin,https://icobench.com/ico/revv-coin/,2.6,2.6,0,0,0,2017-12-18 - 2018-01-22
rothscoin,https://icobench.com/ico/rothscoin/,2.6,2.6,0,0,0,2017-12-18 - 2018-01-28
totum,https://icobench.com/ico/totum/,2.9,2.6,2.4,4.0,3.4,2017-12-15 - 2018-01-31
virtonomics,https://icobench.com/ico/virtonomics/,3.2,2.6,3.1,4.4,3.8,
world-tourism,https://icobench.com/ico/world-tourism/,2.6,2.6,2.0,3.0,3.0,
youra,https://icobench.com/ico/youra/,2.6,2.6,0,0,0,
zeus,https://icobench.com/ico/zeus/,2.6,2.6,2.5,3.0,2.0,2017-12-15 - 2018-01-25
0chain,https://icobench.com/ico/0chain/,2.5,2.5,0,0,0,
1worldblockchain,https://icobench.com/ico/1worldblockchain/,3.3,2.5,4.0,3.9,3.7,
big-foundation,https://icobench.com/ico/big-foundation/,2.5,2.5,3.0,3.0,2.0,2017-10-12 - 2018-11-01
bitto-exchange,https://icobench.com/ico/bitto-exchange/,2.5,2.5,0,0,0,2018-01-16 - 2018-04-03
blaq,https://icobench.com/ico/blaq/,2.5,2.5,0,0,0,
coinfer,https://icobench.com/ico/coinfer/,2.5,2.5,0,0,0,2018-01-11 - 2018-02-10
ekash,https://icobench.com/ico/ekash/,2.5,2.5,0,0,0,2018-01-01 - 2018-03-31
enet-network,https://icobench.com/ico/enet-network/,2.5,2.5,0,0,0,2017-11-30 - 2018-02-28
healpoint,https://icobench.com/ico/healpoint/,2.6,2.5,3.0,3.0,3.0,
icobasis,https://icobench.com/ico/icobasis/,2.5,2.5,2.3,3.4,1.9,2017-12-23 - 2018-02-07
jboxcoin,https://icobench.com/ico/jboxcoin/,2.6,2.5,5.0,5.0,5.0,
kala-token,https://icobench.com/ico/kala-token/,2.5,2.5,0,0,0,2017-11-27 - 2018-03-31
labrys,https://icobench.com/ico/labrys/,2.5,2.5,3.0,4.0,1.0,
loomia,https://icobench.com/ico/loomia/,2.5,2.5,0,0,0,
loopx,https://icobench.com/ico/loopx/,2.5,2.5,0,0,0,2018-01-10 - 2018-01-30
machtcoin,https://icobench.com/ico/machtcoin/,2.2,2.5,1.0,1.0,2.0,2018-01-15 - 2018-02-08
morpheus-network,https://icobench.com/ico/morpheus-network/,2.5,2.5,0,0,0,
nocta,https://icobench.com/ico/nocta/,2.5,2.5,0,0,0,
